{"this-week-calorie-burn-maintenance": -800.0, "this-week-calorie-burn-maintenance-sum": -800.0, "this-week-body-kg-diff": -1.0, "this-week-body-kg-avg": 104.15, "this-week-body-fat-diff": 0.5, "this-week-body-fat-avg": 32.45, "last-week-calorie-burn-maintenance": -354.2857142857143, "last-week-calorie-burn-maintenance-sum": -2480.0, "last-week-body-kg-diff": -0.9000000000000057, "last-week-body-kg-avg": 104.64285714285714, "last-week-body-fat-diff": -0.20000000000000284, "last-week-body-fat-avg": 32.58571428571428, "last-4-week-calorie-burn-maintenance": -357.69565217391306, "last-4-week-body-kg-diff": -1.0684415584415585, "last-4-week-body-fat-diff": 0.29999999999999716}