{"this-week-calorie-burn-maintenance": -1226.0, "this-week-calorie-burn-maintenance-sum": -4904.0, "this-week-body-kg-diff": -1.0999999999999943, "this-week-body-kg-avg": 103.84, "this-week-body-fat-diff": -1.1999999999999993, "this-week-body-fat-avg": 31.9, "last-week-calorie-burn-maintenance": -354.2857142857143, "last-week-calorie-burn-maintenance-sum": -2480.0, "last-week-body-kg-diff": -0.9000000000000057, "last-week-body-kg-avg": 104.64285714285714, "last-week-body-fat-diff": -0.20000000000000284, "last-week-body-fat-avg": 32.58571428571428, "last-4-week-calorie-burn-maintenance": -474.2692307692308, "last-4-week-body-kg-diff": -1.6014285714285714, "last-4-week-body-fat-diff": -1.4000000000000021}