{"this-week-calorie-burn-maintenance": -449.0, "this-week-calorie-burn-maintenance-sum": -2694.0, "this-week-body-kg-diff": 1.2000000000000028, "this-week-body-kg-avg": 106.21428571428571, "this-week-body-fat-diff": 1.0, "this-week-body-fat-avg": 30.914285714285715, "last-week-calorie-burn-maintenance": -545.1428571428571, "last-week-calorie-burn-maintenance-sum": -3816.0, "last-week-body-kg-diff": -0.7999999999999972, "last-week-body-kg-avg": 105.95714285714284, "last-week-body-fat-diff": -3.5, "last-week-body-fat-avg": 30.942857142857143, "last-4-week-calorie-burn-maintenance": -526.4642857142857, "last-4-week-body-kg-diff": -1.9144155844155843, "last-4-week-body-fat-diff": -2.5}