{"last-week-calorie-burn-maintenance": -545.1428571428571, "last-week-body-kg-diff": -0.7999999999999972, "last-week-body-kg-avg": 105.95714285714284, "last-week-body-fat-diff": -3.5, "last-week-body-fat-avg": 30.942857142857143, "last-4-week-calorie-burn-maintenance": -557.5769230769231, "last-4-week-body-kg-diff": -1.8827272727272728, "last-4-week-body-fat-diff": -2.0}